{
  "accuracy": 0.5313409090909091,
  "checkpoint": "results/cv_vtcnn2_same_width_final.pt",
  "checkpoint_epoch": 100,
  "checkpoint_selection": "final_epoch",
  "loss": 1.3071433581960472,
  "model_kwargs": {
    "dropout": 0.5,
    "num_classes": 11,
    "variant": "same_width"
  },
  "model_name": "cv_vtcnn2",
  "num_examples": 44000,
  "per_snr_accuracy": {
    "-10": 0.23636363636363636,
    "-12": 0.155,
    "-14": 0.12863636363636363,
    "-16": 0.10727272727272727,
    "-18": 0.09272727272727273,
    "-2": 0.6909090909090909,
    "-20": 0.10136363636363636,
    "-4": 0.5795454545454546,
    "-6": 0.45681818181818185,
    "-8": 0.35045454545454546,
    "0": 0.7536363636363637,
    "10": 0.7840909090909091,
    "12": 0.7763636363636364,
    "14": 0.7731818181818182,
    "16": 0.775,
    "18": 0.7759090909090909,
    "2": 0.7618181818181818,
    "4": 0.7668181818181818,
    "6": 0.7881818181818182,
    "8": 0.7727272727272727
  },
  "split_protocol": "per_modulation_snr_800_train_200_test",
  "trainable_parameters": 5537963
}