{
  "accuracy": 0.5355681818181818,
  "checkpoint": "results/cv_vtcnn2_param_matched_final.pt",
  "checkpoint_epoch": 100,
  "checkpoint_selection": "final_epoch",
  "loss": 1.237996107328006,
  "model_kwargs": {
    "dropout": 0.5,
    "num_classes": 11,
    "variant": "param_matched"
  },
  "model_name": "cv_vtcnn2",
  "num_examples": 44000,
  "per_snr_accuracy": {
    "-10": 0.21681818181818183,
    "-12": 0.15045454545454545,
    "-14": 0.12272727272727273,
    "-16": 0.10590909090909091,
    "-18": 0.0959090909090909,
    "-2": 0.7077272727272728,
    "-20": 0.09909090909090909,
    "-4": 0.6040909090909091,
    "-6": 0.46545454545454545,
    "-8": 0.3377272727272727,
    "0": 0.7568181818181818,
    "10": 0.7868181818181819,
    "12": 0.7840909090909091,
    "14": 0.7777272727272727,
    "16": 0.7736363636363637,
    "18": 0.7877272727272727,
    "2": 0.7840909090909091,
    "4": 0.7772727272727272,
    "6": 0.7922727272727272,
    "8": 0.785
  },
  "split_protocol": "per_modulation_snr_800_train_200_test",
  "trainable_parameters": 2791507
}