{
  "accuracy": 0.5385681818181818,
  "best_val_accuracy": 0.5406818181818182,
  "checkpoint": "results/cv_vtcnn2_param_matched_best.pt",
  "checkpoint_epoch": 126,
  "loss": 1.2108271195153621,
  "model_kwargs": {
    "dropout": 0.5,
    "num_classes": 11,
    "variant": "param_matched"
  },
  "model_name": "cv_vtcnn2",
  "num_examples": 44000,
  "per_snr_accuracy": {
    "-10": 0.225,
    "-12": 0.14909090909090908,
    "-14": 0.115,
    "-16": 0.10181818181818182,
    "-18": 0.09363636363636364,
    "-2": 0.7213636363636363,
    "-20": 0.09363636363636364,
    "-4": 0.6354545454545455,
    "-6": 0.5163636363636364,
    "-8": 0.35954545454545456,
    "0": 0.7572727272727273,
    "10": 0.7772727272727272,
    "12": 0.7759090909090909,
    "14": 0.7795454545454545,
    "16": 0.7763636363636364,
    "18": 0.7777272727272727,
    "2": 0.7809090909090909,
    "4": 0.7881818181818182,
    "6": 0.7731818181818182,
    "8": 0.774090909090909
  },
  "trainable_parameters": 2791518,
  "validation_mode": "clean"
}