{
  "accuracy": 0.547409090909091,
  "best_val_accuracy": 0.5486931818181818,
  "checkpoint": "results/cv_vtcnn2_best.pt",
  "checkpoint_epoch": 116,
  "loss": 1.2001023668362336,
  "model_kwargs": {
    "dropout": 0.5,
    "num_classes": 11,
    "variant": "paper_faithful"
  },
  "model_name": "cv_vtcnn2",
  "num_examples": 44000,
  "per_snr_accuracy": {
    "-10": 0.24454545454545454,
    "-12": 0.16272727272727272,
    "-14": 0.12045454545454545,
    "-16": 0.105,
    "-18": 0.09409090909090909,
    "-2": 0.7277272727272728,
    "-20": 0.09454545454545454,
    "-4": 0.6259090909090909,
    "-6": 0.5045454545454545,
    "-8": 0.37227272727272726,
    "0": 0.7727272727272727,
    "10": 0.7968181818181819,
    "12": 0.7872727272727272,
    "14": 0.7877272727272727,
    "16": 0.8045454545454546,
    "18": 0.7831818181818182,
    "2": 0.7918181818181819,
    "4": 0.7895454545454546,
    "6": 0.7895454545454546,
    "8": 0.7931818181818182
  },
  "trainable_parameters": 5537974,
  "validation_mode": "clean"
}