{
  "accuracy": 0.5383181818181818,
  "checkpoint": "results/vtcnn2_final.pt",
  "checkpoint_epoch": 100,
  "checkpoint_selection": "final_epoch",
  "loss": 1.2157584874521603,
  "model_kwargs": {
    "dropout": 0.5,
    "num_classes": 11
  },
  "model_name": "vtcnn2",
  "num_examples": 44000,
  "per_snr_accuracy": {
    "-10": 0.2268181818181818,
    "-12": 0.13136363636363638,
    "-14": 0.10727272727272727,
    "-16": 0.09454545454545454,
    "-18": 0.09454545454545454,
    "-2": 0.7054545454545454,
    "-20": 0.09227272727272727,
    "-4": 0.615909090909091,
    "-6": 0.5313636363636364,
    "-8": 0.3831818181818182,
    "0": 0.7677272727272727,
    "10": 0.7809090909090909,
    "12": 0.7945454545454546,
    "14": 0.7754545454545455,
    "16": 0.7786363636363637,
    "18": 0.7777272727272727,
    "2": 0.7777272727272727,
    "4": 0.7804545454545454,
    "6": 0.7718181818181818,
    "8": 0.7786363636363637
  },
  "split_protocol": "per_modulation_snr_800_train_200_test",
  "trainable_parameters": 2830427
}