{
  "accuracy": 0.53475,
  "best_val_accuracy": 0.5355681818181818,
  "checkpoint": "results/vtcnn2_best.pt",
  "checkpoint_epoch": 306,
  "loss": 1.2183294077353044,
  "model_kwargs": {
    "dropout": 0.5,
    "num_classes": 11
  },
  "model_name": "vtcnn2",
  "num_examples": 44000,
  "per_snr_accuracy": {
    "-10": 0.23045454545454547,
    "-12": 0.155,
    "-14": 0.12227272727272727,
    "-16": 0.0959090909090909,
    "-18": 0.09090909090909091,
    "-2": 0.7045454545454546,
    "-20": 0.09681818181818182,
    "-4": 0.5872727272727273,
    "-6": 0.4954545454545455,
    "-8": 0.3781818181818182,
    "0": 0.7545454545454545,
    "10": 0.7904545454545454,
    "12": 0.7727272727272727,
    "14": 0.7731818181818182,
    "16": 0.7804545454545454,
    "18": 0.77,
    "2": 0.7736363636363637,
    "4": 0.7718181818181818,
    "6": 0.7768181818181819,
    "8": 0.7745454545454545
  },
  "trainable_parameters": 2830427,
  "validation_mode": "clean"
}